Наименование;Цена;Ссылка на вакансию
Торшер Ральф Beige;15 390;https://www.divan.ru/product/torsher-ralf-beige
Подвесной светильник Ферум Orange;5490;https://www.divan.ru/product/podvesnoj-svetilnik-ferum-orange
Настольная лампа Нидлс Raffia Beige;6590;https://www.divan.ru/product/nastolnaya-lampa-nidls-raffia-beige
Светильник потолочный Ринга Black;2740;https://www.divan.ru/product/svetilnik-potolochnyj-ringa-black
Торшер Грено-2 Beige;15 390;https://www.divan.ru/product/torsher-greno-2-beige
Торшер Бьйорк White;13 190;https://www.divan.ru/product/torsher-bjork-white
Подвесной светильник Нидлс Beige;6590;https://www.divan.ru/product/podvesnoj-svetilnik-nidls-beige
Настольная лампа Машрум-2 Black;5490;https://www.divan.ru/product/nastolnaya-lampa-mashrum-2-black
Торшер Вена Black;13 190;https://www.divan.ru/product/torsher-vena-black
Торшер Бинду Beige;17 590;https://www.divan.ru/product/torsher-bindu-beige
Торшер Ларри Black;14 290;https://www.divan.ru/product/torsher-larri-black
Подвесной светильник Тубули-5 Wood;9890;https://www.divan.ru/product/podvesnoj-svetilnik-tubuli-5-wood
Настольная лампа Сфера Orange;6590;https://www.divan.ru/product/nastolnaya-lampa-sfera-orange
Бра Смастен White;5490;https://www.divan.ru/product/bra-smasten-white
Торшер Алней-1 Black;8790;https://www.divan.ru/product/torsher-alnej-1-black
Настольная лампа Арвика Wood;6590;https://www.divan.ru/product/nastolnaya-lampa-arvika-wood
Настольная лампа Спайк Orange;1530;https://www.divan.ru/product/nastolnaya-lampa-spajk-orange
Подвесной светильник Инлада Wood;7140;https://www.divan.ru/product/podvesnoj-svetilnik-inlada-wood
Торшер Нидлс-2 Black;16 490;https://www.divan.ru/product/torsher-nidls-2-black
Настольная лампа Алней Beige;5490;https://www.divan.ru/product/nastolnaya-lampa-alnej-beige
Настольная лампа Нидлс-3 Beige;4390;https://www.divan.ru/product/nastolnaya-lampa-nidls-3-beige
Подвесной светильник Намсен Black;8240;https://www.divan.ru/product/podvesnoj-svetilnik-namsen-black
Торшер Алней-1 Orange;8790;https://www.divan.ru/product/torsher-alnej-1-orange
Настольная лампа Машрум-2 Pink;5490;https://www.divan.ru/product/nastolnaya-lampa-mashrum-2-pink
Торшер Нидлс Khaki;17 590;https://www.divan.ru/product/torsher-nidls-khaki
Торшер Нидлс-2 Beige;16 490;https://www.divan.ru/product/torsher-nidls-2-beige
Люстра Ливсден Brown;20 890;https://www.divan.ru/product/lyustra-livsden-brown
Торшер Алней-1 Beige;8790;https://www.divan.ru/product/torsher-alnej-1-beige
Подвесной светильник Гронтри-1 Wood;10 440;https://www.divan.ru/product/podvesnoj-svetilnik-grontri-1-wood
Торшер Грено-2 Black;15 390;https://www.divan.ru/product/torsher-greno-2-black
Настольная лампа Машрум-2 Gold;6150;https://www.divan.ru/product/nastolnaya-lampa-mashrum-2-gold
Настольная лампа Нидлс-2 Beige;4390;https://www.divan.ru/product/nastolnaya-lampa-nidls-2-beige
Настольная лампа Спайк Green;1530;https://www.divan.ru/product/nastolnaya-lampa-spajk-green
Настольная лампа Машрум-2 Green;5490;https://www.divan.ru/product/nastolnaya-lampa-mashrum-2-green
Бра Бракетт White;4940;https://www.divan.ru/product/bra-brakett-white
Торшер Алней-1 Green;8790;https://www.divan.ru/product/torsher-alnej-1-green
Настольная лампа Алней Black;5490;https://www.divan.ru/product/nastolnaya-lampa-alnej-black
Торшер Ральф White;15 390;https://www.divan.ru/product/torsher-ralf-white
Подвесной светильник Отра Wood;13 740;https://www.divan.ru/product/podvesnoj-svetilnik-otra-wood
Торшер Ларри Green;14 290;https://www.divan.ru/product/torsher-larri-green
Настольная лампа Алней Orange;5490;https://www.divan.ru/product/nastolnaya-lampa-alnej-orange
Настольная лампа Машрум-2 Silver;6150;https://www.divan.ru/product/nastolnaya-lampa-mashrum-2-silver
Светильник потолочный Орхус White;18 690;https://www.divan.ru/product/svetilnik-potolochnyj-orhus-white
Торшер Ларри Beige;14 290;https://www.divan.ru/product/torsher-larri-beige
Настольная лампа Раффи Round;7690;https://www.divan.ru/product/nastolnaya-lampa-raffi-round
Торшер Грено-2 Silver;17 590;https://www.divan.ru/product/torsher-greno-2-silver
Торшер Раффи Round;14 290;https://www.divan.ru/product/torsher-raffi-round
Настольная лампа Машрум-2 Grey;5490;https://www.divan.ru/product/nastolnaya-lampa-mashrum-2-grey
